name,artist,album,track_id,danceability,energy,key,loudness,speechiness,acousticness,instrumentalness,liveness,valence,tempo,duration_ms
Hey Mami,Sylvan Esso,Sylvan Esso,4gB5Idv1iw8jgxyEvuwPVA,0.768,0.749,2,-5.814,0.497,0.306,1.21e-05,0.397,0.605,119.931,200160
Play by Play,Autre Ne Veut,Anxiety,59ZIrPBaCOmLrweJOGHZOD,0.35,0.844,1,-4.161,0.0438,0.03,0.0,0.177,0.104,114.64,313707
Death with Dignity,Sufjan Stevens,Carrie & Lowell,4fpEuKIzTLmMJnYwFU0oqr,0.51,0.16,4,-21.03,0.0395,0.986,0.017,0.113,0.383,170.063,239508
Counting,Autre Ne Veut,Anxiety,6icFqhbP9RPN8r7kHcfY3o,0.618,0.538,2,-5.828,0.0319,0.0249,1.37e-05,0.352,0.308,79.925,221840
No Magnatone,Rogue Wave,Nightingale Floors,7xUBghWz0AIKGLRR1v4A9R,0.276,0.717,9,-8.302,0.0322,0.00755,0.131,0.269,0.236,99.945,183347
Too Much,Sufjan Stevens,The Age of Adz,0vDzmJ9xi0xTW6JXVUYPcL,0.539,0.814,0,-10.691,0.337,0.546,0.0603,0.569,0.611,147.99,405653
Emoticons,The Wombats,Glitterbug (Deluxe Edition),5mQrrvxSTuqPzLUtaVNtnN,0.61,0.708,11,-4.3,0.0606,0.0095,3.14e-05,0.116,0.508,101.003,259347
Hot Air Balloon,H.C. Havins,Refractions - EP,4XwCuTyYZxFVReQLsDHdx5,0.572,0.28,6,-10.339,0.0311,0.261,0.00976,0.108,0.0648,139.891,349714
Promises,Autre Ne Veut,Anxiety,7oZEX2gfwpvYtZUWuiIxlk,0.664,0.73,8,-3.694,0.0449,0.00819,0.0,0.0904,0.401,120.012,124760
Decision Day,Field Report,Marigolden,0pu4Jodrmwkz3ReFmShhPa,0.528,0.628,5,-10.031,0.0352,0.673,0.00176,0.119,0.425,87.831,272480
College,Rogue Wave,Nightingale Floors,1NH6syojZKpNAXfv4HyldJ,0.4,0.729,1,-7.452,0.0326,0.000417,0.157,0.205,0.377,158.072,238333
Both Hands,David Bazan,Blanco,7qXAvcB4enZGEBBxu8GnTw,0.394,0.799,2,-8.105,0.0364,0.0946,0.898,0.0648,0.631,160.106,213570
No Room in Frame,Death Cab for Cutie,Kintsugi,7DkTneByAopqOjXFG6XlZK,0.642,0.721,4,-9.765,0.0434,0.196,0.474,0.0926,0.438,124.997,245280
Siren's Song,Rogue Wave,Nightingale Floors,3QsIaSjgEwEDqrw1yHaBYf,0.434,0.673,3,-7.637,0.0469,0.0375,0.0444,0.216,0.132,144.009,300053
Ego Free Sex Free,Autre Ne Veut,Anxiety,2pdLiPLzrbtWhkVudOyChU,0.584,0.68,9,-4.685,0.0524,0.0109,1.03e-06,0.129,0.322,104.89,243480
From A Balance Beam,Bright Eyes,"LIFTED Or The Story Is In The Soil, Keep Your Ear To The Ground",3aT4JIJewsuf6lMW4U0rjK,0.406,0.797,2,-7.475,0.069,0.0349,9.06e-06,0.374,0.595,96.458,220067
Could I Be,Sylvan Esso,Sylvan Esso,4nPg1JG5d7WrgGGOmJHrbP,0.754,0.516,7,-6.415,0.158,0.706,0.00236,0.0981,0.53,113.077,279440
Garden Song,Phoebe Bridgers,Garden Song,1LTWcRVy9o96Zzn29wXLsa,0.371,0.256,0,-16.7,0.227,0.868,0.00507,0.112,0.171,195.674,220065
Rattlesnake,St. Vincent,St. Vincent,4grZ5z28oJa86yW59L7Kw0,0.698,0.745,10,-7.746,0.139,0.0023,0.00354,0.0977,0.824,109.874,214653
Dreamy Bruises,Sylvan Esso,Sylvan Esso,0L7pQU3DSR8916FVOyjDFB,0.584,0.72,9,-7.888,0.0484,0.000357,0.000114,0.153,0.38,180.016,248133
Song For Zula,Phosphorescent,Muchacho,2kD2li0Gfjqh26jYNz6Z6p,0.478,0.619,4,-8.216,0.0376,0.731,0.496,0.0518,0.5,86.005,370200
Time Forgot,Conor Oberst,Upside Down Mountain,79BVZL9TSIqdjifNii5zyN,0.432,0.425,5,-9.763,0.0634,0.229,1.08e-06,0.125,0.335,175.325,275040
Calm It Down,Sisyphus,Sisyphus,5DmfUzsSqLNW8ZX5ju8E4w,0.847,0.579,11,-12.548,0.169,0.0712,0.0597,0.146,0.286,96.012,389920
Graceland,Paul Simon,Graceland (25th Anniversary Deluxe Edition),51KKQAgYFoJHgVIuJWHdHb,0.732,0.705,9,-9.271,0.0349,0.626,0.00068,0.0813,0.848,117.925,291200
Dress,Sylvan Esso,Sylvan Esso,3cBV8V9zlYNraydyF8NpBY,0.672,0.578,5,-6.312,0.229,0.857,0.000148,0.105,0.16,139.955,229840
Wolf,Sylvan Esso,Sylvan Esso,4j4OfqOvPCnOoePywhtrc6,0.733,0.332,4,-9.015,0.0488,0.857,0.00257,0.294,0.27,120.053,195800
Coffee,Sylvan Esso,Sylvan Esso,71cUqXJ3h1r0Ees6YdENLU,0.457,0.455,0,-8.112,0.188,0.348,0.00122,0.142,0.163,100.049,269693
Ride On / Right On,Phosphorescent,Muchacho,55C8Zut2Ug8wPNrU4OJYPd,0.539,0.581,7,-7.423,0.0316,0.00808,0.0589,0.15,0.237,95.075,224907
Going,Julian Lynch,Lines,4JfcVYZUP4cyQJknORlIOQ,0.363,0.864,1,-9.262,0.0512,0.611,0.802,0.0978,0.108,112.964,220267
"Sun, Arise! (An Invocation, An Introduction)",Phosphorescent,Muchacho,5uRAp0ZDXs4Y0NevqYGeNZ,0.517,0.226,0,-14.318,0.0345,0.961,0.344,0.102,0.106,129.887,189560
Idyllwild,H.C. Havins,Refractions - EP,4uehGi87VzLdW5dFYXeVqx,0.43,0.724,2,-7.323,0.0439,0.518,0.000834,0.231,0.399,96.966,253608
Multi-Love,Unknown Mortal Orchestra,Multi-Love,0PEXp5yk0sx9dJ8JzwvjJb,0.784,0.506,3,-5.243,0.0403,0.571,0.0,0.139,0.545,120.141,250800
California Kids,Weezer,Weezer (White Album),0UbS4oWIo2nUXeTxsvFaN1,0.422,0.953,3,-5.927,0.123,0.00351,1.03e-06,0.575,0.2,152.009,205427
All We Got (feat. Kanye West & Chicago Children's Choir),Chance the Rapper,Coloring Book,3ZLyt2ndLFBh148XRYjYYZ,0.531,0.544,0,-8.615,0.462,0.308,1.89e-06,0.0835,0.398,131.921,203794
Housing (Out),Frightened Rabbit,Pedestrian Verse,4v2ud3mMHFfwH6R0iq7M9Z,0.538,0.885,11,-5.628,0.0863,0.666,6.86e-05,0.163,0.723,89.925,64253
Pale Rider,Field Report,Marigolden,0o922f21i78y0DUztNSfqs,0.509,0.382,9,-10.471,0.0291,0.781,0.00383,0.113,0.173,147.645,301813
King of Spain,The Tallest Man On Earth,The Wild Hunt,3SXsoJxUF3C9XjZnGMZbXn,0.385,0.493,8,-8.342,0.0344,0.757,2.45e-06,0.116,0.375,131.615,206187
Ultralight Beam,Kanye West,The Life Of Pablo,6aEgrTRLSRQ0FIrvOwcOE6,0.591,0.398,8,-8.731,0.431,0.624,0.0,0.539,0.348,105.956,320680
Home (Leave the Lights On),Field Report,Marigolden,1nplIOuXXSjLSZdxYTqnZe,0.711,0.625,2,-7.605,0.0257,0.216,0.00046,0.0797,0.462,101.99,221147
A Lie,Autre Ne Veut,Anxiety,6N4fltWYFVzkgJ7s4FgMFS,0.526,0.753,0,-5.728,0.0398,0.116,0.0198,0.135,0.0644,115.005,245320
Ideal World,Girlpool,Before The World Was Big,55NwrUskrkeWZf7MWux0Iu,0.745,0.296,2,-7.844,0.0309,0.589,0.00939,0.0949,0.566,146.83,166329
Global Concepts,Robert DeLong,Just Movement,4jiuw8KsXLUNwI0NCCkNZO,0.715,0.801,4,-3.792,0.192,0.355,1.1e-05,0.363,0.678,107.958,280187
Ur Life One Night,Unknown Mortal Orchestra,Multi-Love,4kmQD8AHOQtg1Ft2NooJjp,0.743,0.776,9,-3.868,0.108,0.0532,0.897,0.0503,0.857,75.426,267907
Terror In The Canyons (The Wounded Master),Phosphorescent,Muchacho,7C9qM17pJCJi1hiFERWjm6,0.348,0.627,3,-6.674,0.0317,0.799,0.0129,0.0976,0.377,130.089,245547
Rapture,Pedro The Lion,Control [Remastered],7h0vp9sJLp1jArGsBeNnrZ,0.503,0.749,7,-7.087,0.0358,0.00505,4.39e-06,0.173,0.683,130.04,206146
On Sight,Kanye West,Yeezus,1gqkRc9WtOpnGIqxf2Hvzr,0.605,0.469,9,-3.182,0.327,0.487,0.0,0.28,0.515,101.601,156480
Am I Awake?,They Might Be Giants,Idlewild: A Compilation,5ZuFa017ebD1p6aU9zHTnT,0.627,0.717,3,-7.371,0.0612,0.0582,0.000212,0.114,0.542,159.985,183333
Prince Johnny,St. Vincent,St. Vincent,7hLWQTGBtKo4pBpJ9CaQo9,0.524,0.686,7,-8.14,0.0814,0.105,0.221,0.255,0.681,74.959,276627
Should Have Known Better,Sufjan Stevens,Carrie & Lowell,5I6y1KWmUoV5YCaIEcs1qs,0.571,0.172,7,-20.7,0.0318,0.979,0.275,0.124,0.297,90.972,307698
Zigzagging Toward the Light,Conor Oberst,Upside Down Mountain,09mSRgoEyU5IBmSlOFbRYy,0.625,0.743,4,-5.972,0.0448,0.0249,1.13e-06,0.368,0.46,90.331,243227
Through the Night,IU,Palette,3P3UA61WRQqwCXaoFOTENd,0.428,0.313,8,-7.327,0.0391,0.757,0.0,0.309,0.284,78.723,253293
Dear Name,IU,Palette,1DP0uwV6tMlCEfR61Mh7ki,0.312,0.589,2,-5.071,0.0334,0.459,0.0,0.106,0.237,133.854,289580
Departures - Anata Ni Okuru Ai No Uta,EGOIST,Extra Terrestrial Biological Entities,33w7LgNJIuhs5dhSYZ0do1,0.473,0.431,2,-8.172,0.0305,0.493,0.0,0.0752,0.283,143.862,255013
dlwlrma,IU,Palette,4NPARrLIbtMl29ZJv8ESr2,0.738,0.641,4,-3.44,0.0475,0.315,0.0,0.114,0.631,119.867,176099
잠 못 드는 밤 비는 내리고 [Jam Mot Deuneun Bam Bineun Naeligo] : Sleepless rainy night,IU,꽃갈피 둘 [Kkot-Galpi #2] : A flower bookmark,546tamGotuR5Mhbe35ONAv,0.761,0.456,10,-7.817,0.0461,0.727,0.000103,0.143,0.46,91.028,266517
Me Gustas Tu,GFRIEND,GFRIEND 2nd Mini Album 'Flower Bud',6x7fux7bZEfnChKx3nhSZn,0.646,0.923,8,-1.309,0.0613,0.166,0.0,0.0507,0.703,106.086,220745
The Everlasting Guilty Crown,EGOIST,Extra Terrestrial Biological Entities,76jRSSkd4pLwUflgwSeuB0,0.35,0.935,1,-4.368,0.0907,0.00731,1.79e-05,0.339,0.333,171.993,325320
Namae No Nai Kaibutsu,EGOIST,Namae No Nai Kaibutsu,7M2qLDA7hAwKgyrTjJfI2C,0.338,0.896,10,-5.984,0.171,0.000236,0.000705,0.311,0.237,179.832,317267
夢灯籠,RADWIMPS,君の名は。,6CsMd91gWWntqjZfXAScWe,0.213,0.864,8,-5.71,0.401,0.0301,9.68e-05,0.0465,0.13,177.921,129187
Palette (Feat. G-DRAGON),IU,Palette,3y7ByLZ05tluscOTRgEJ9Y,0.804,0.68,0,-3.81,0.2,0.458,0.0,0.102,0.62,102.013,217413
Ending Scene,IU,Palette,06EMBzxDm2hueehobAlMtm,0.388,0.323,5,-7.158,0.0348,0.851,2.03e-06,0.143,0.232,118.885,249242
Sparkle - movie ver.,RADWIMPS,Your Name.,3A4FRzgve9BjfKbvVXRIFO,0.372,0.426,11,-8.421,0.0339,0.687,0.00784,0.109,0.287,123.993,537653
君の知らない物語,物語シリーズ,Utamonogatari Special Edition (Original Soundtrack),0HAi4Xk8v9JlkkxzfzPlYN,0.422,0.914,9,-2.828,0.046,0.00963,0.0,0.0744,0.529,164.876,344053
Some,BOL4,Red Diary Page.1,3mmLyEhphJAaW7hyEXAD8l,0.659,0.799,1,-2.849,0.0629,0.417,0.0,0.0562,0.782,103.99,181373
ONE-HALF,GFRIEND,GFRIEND The 5th Mini Album <PARALLEL>,5kmT53VIrf7sC2J2ja0DpA,0.684,0.898,6,-1.242,0.0402,0.208,0.0,0.0403,0.487,122.973,214058
Tonight,1set,Tonight,5LhXvB3BI6JNdoKAxMKcfQ,0.697,0.567,4,-4.657,0.0403,0.737,0.0,0.118,0.485,94.984,226359
Friday (feat.Jang Yi-jeong of HISTORY),IU,Modern Times ? Epilogue,0GsRx0gPft6RmijIwMsKmG,0.693,0.529,9,-4.819,0.0539,0.56,0.0,0.111,0.555,80.026,217156
Face Like Thunder,The Japanese House,Swim Against the Tide,3llC7WjMtxqDwaM1Gjzvrs,0.636,0.742,0,-6.751,0.039,0.233,3.87e-05,0.185,0.285,119.951,237427
Loudspeaker,MUNA,About U,5ztCcMNmFiq5ZnID9jY9SP,0.678,0.871,9,-4.319,0.0569,0.489,2.04e-06,0.189,0.679,119.019,210053
Rough,GFRIEND,SNOWFLAKE,3CVeGXpoPKJQ9JuhPp3mpL,0.613,0.912,8,-2.464,0.0366,0.152,0.0,0.111,0.734,112.005,209105
Cool Blue,The Japanese House,Clean,0Lbe98RKWwBbu1sipPSa4n,0.607,0.566,0,-10.37,0.0482,0.895,0.083,0.139,0.607,180.048,231333
unlucky,IU,Love poem,1jsY6pQeNaEConZWGau1L4,0.528,0.482,10,-3.689,0.0444,0.836,0.0,0.136,0.505,169.907,231133
スパークル - movie ver.,RADWIMPS,君の名は。,6rOxMuxtATULp0vEaNR3RK,0.374,0.432,11,-8.395,0.0334,0.691,0.00649,0.109,0.295,124.012,534120
I Want To Save You,Something Corporate,Leaving Through The Window,1g5WP8pu6w2jEP0vAf5Lxk,0.451,0.863,3,-5.917,0.0361,0.00107,0.000157,0.123,0.344,148.074,262267
Blueming,IU,Love poem,4Dr2hJ3EnVh2Aaot6fRwDO,0.819,0.674,0,-3.145,0.0587,0.0849,0.0,0.0667,0.682,106.032,217053
lvs(var),Kensuke Ushio,"A Shape of Light ""A Silent Voice the Movie"" Original Soundtrack",2m6jds9zw9x5bgNXZrN4yg,0.592,0.173,7,-20.698,0.0373,0.941,0.972,0.0947,0.433,69.999,85520
가을 아침 [Gaeul Achim] : Autumn morning,IU,꽃갈피 둘 [Kkot-Galpi #2] : A flower bookmark,1MYvjx60rkxZm5oHEPKqgz,0.571,0.316,9,-7.22,0.142,0.785,0.0,0.376,0.547,170.901,218885
Time for the moon night,GFRIEND,GFRIEND The 6th Mini Album 'Time for the moon night',2jL9sjFc2LZsQBGbQnrjXR,0.455,0.827,6,-1.201,0.0573,0.325,0.0,0.0473,0.681,169.929,226699
"Missing You / Namine (From ""Kingdom Hearts II"" & ""Kingdom Hearts: Chain of Memories"")",daigoro789,Kingdom Hearts Piano Collections Special Edition,5Cehdon3VynRhPMnAp4qmm,0.506,0.0357,5,-26.807,0.0633,0.984,0.884,0.13,0.073,125.719,298347
Yuri on ICE,Taro Umebayashi,Yuri on ICE,4u4t9R8Iky417ZasENaKXX,0.176,0.514,8,-12.05,0.0308,0.816,0.637,0.117,0.154,80.018,220999
Maybe You're the Reason,The Japanese House,Good At Falling,5Po5YmT4RhawSeqNXx5m0o,0.621,0.762,5,-6.376,0.0328,0.106,2.71e-06,0.302,0.395,95.014,218936
CHEER UP,TWICE,PAGE TWO,1D7e4LrjdB4mKaI9XYrmPY,0.548,0.885,6,-1.48,0.125,0.139,0.0,0.0716,0.509,172.946,208862
LOVE WHISPER,GFRIEND,GFRIEND The 5th Mini Album <PARALLEL>,1xwnvVY9gHdo69PuGQkG1U,0.711,0.928,8,-1.666,0.0484,0.126,0.0,0.335,0.577,114.012,211972
So Special,MUNA,About U,50EsWUxLBSS4nQnTuagVjF,0.558,0.77,2,-5.107,0.0407,0.0889,3.22e-06,0.29,0.545,90.943,237013
Blessings (feat. Jamila Woods),Chance the Rapper,Coloring Book,2VQc9orzwE6a5qFfy54P6e,0.714,0.343,10,-7.641,0.38,0.723,5.48e-06,0.102,0.372,72.348,221940
Love poem,IU,Love poem,7HrE6HtYNBbGqp5GmHbFV0,0.404,0.467,11,-5.276,0.0413,0.74,0.0,0.106,0.273,119.994,258239
Popo (How deep is our love?),Yerin Baek,Every letter I sent you.,5XAJzwa0B2Hf8Rb1q0rowN,0.619,0.47,0,-7.095,0.0479,0.509,0.00225,0.0681,0.716,84.939,271216
비밀의 화원 [Bimilui Hwawon] : Secret Garden,IU,꽃갈피 둘 [Kkot-Galpi #2] : A flower bookmark,5F6nAnNIsRk9QbPOx9t11B,0.482,0.387,2,-7.486,0.0472,0.825,0.0,0.138,0.258,115.051,224791
lit(var),Kensuke Ushio,"A Shape of Light ""A Silent Voice the Movie"" Original Soundtrack",6bTCdqB1PN5J93hiiZvQzW,0.329,0.258,1,-16.147,0.0615,0.943,0.934,0.105,0.0338,95.328,134787
I Know A Place,MUNA,About U,0bPSRn4crnh5f1JhELPlyL,0.685,0.9,5,-4.626,0.151,0.137,0.0,0.2,0.779,111.991,272813
Implicit Demand For Proof,Twenty One Pilots,Twenty One Pilots,3UaFnnUo80mv431WHEzaj9,0.495,0.262,9,-10.572,0.0292,0.635,0.00486,0.104,0.287,159.986,291933
Heavydirtysoul,Twenty One Pilots,Blurryface,7i9763l5SSfOnqZ35VOcfy,0.613,0.873,7,-6.376,0.0449,0.00397,0.00111,0.367,0.392,129.989,234813
Date,RADWIMPS,Your Name.,7A7lxMWZI2Uow7WqWjWGcM,0.673,0.119,5,-20.274,0.0656,0.985,0.73,0.114,0.478,123.87,245907
Flesh without Blood,Grimes,Art Angels,4ZcGbQ5dOKX6rJk4yvza9R,0.481,0.965,8,-2.993,0.0875,0.000904,0.000727,0.476,0.66,155.938,264524
The Taste of Ink,The Used,The Used,5jZ1Z2GFTf2gwmFc3qiUxs,0.541,0.904,7,-3.001,0.0435,0.00143,0.0,0.193,0.541,98.122,208693
Lullaby,IU,Love poem,7BUtoP9NXEe7MgWvIG2KGE,0.473,0.297,3,-6.706,0.0339,0.889,0.0,0.133,0.292,129.083,261720
Dream lantern,RADWIMPS,Your Name.,5mEqD00bdFcsiVd0MfvEeF,0.206,0.871,8,-5.751,0.419,0.0316,6.55e-05,0.0596,0.125,175.6,131667
Happy Day,1set,"Sisters-in-law, Pt. 3 (Original Soundtrack)",6XWJnONhIytzRvc1PXB6m7,0.656,0.631,0,-4.268,0.0899,0.554,0.0,0.198,0.548,99.215,166375
Black Out,IU,Palette,1sUOFqmIU38dQCA13aVKBL,0.684,0.801,8,-4.063,0.0651,0.166,2.37e-06,0.0243,0.778,98.042,227701
Saw You In A Dream,The Japanese House,Saw You In A Dream,0U3u0HdRQjD8mAMYBak4Ok,0.607,0.451,4,-8.206,0.0286,0.0604,0.0,0.19,0.676,94.054,208280
Requiem: Salvator Mundi,Conspirare,"Requiem - Howells, Whitacre, Pizzetti",1lJjRUSUblv6zGy8Fth6z9,0.171,0.0216,7,-30.351,0.0447,0.995,0.86,0.101,0.0354,126.031,139227
Asheville Skies,The Milk Carton Kids,Monterey,4Ie7fX5ekLa7HO7F3c9F4n,0.535,0.186,11,-14.267,0.0345,0.914,0.00059,0.183,0.216,125.917,319887
Secrets Of The Stars,The Milk Carton Kids,Monterey,4Zls4nFdhCUxQ9YQOMjf6d,0.591,0.128,11,-15.184,0.0391,0.913,0.0,0.108,0.377,95.252,164479
Tachycardia,Conor Oberst,Ruminations,5R2oQRNmANSqK8WBj9l1Q0,0.43,0.348,0,-8.19,0.0419,0.919,7e-05,0.104,0.306,144.849,219053
The Singer's Ode,Robert Kyr,Robert Kyr: The Cloud of Unknowing - Songs of the Soul,4as5TVmo11183DBMC0di1T,0.112,0.127,2,-23.444,0.0436,0.992,0.746,0.115,0.0314,74.752,179707
Monterey,The Milk Carton Kids,Monterey,2PcLKxo6d9yO8rh04REWw6,0.588,0.121,1,-16.766,0.031,0.939,0.000524,0.113,0.214,97.999,275321
Getaway,The Milk Carton Kids,Monterey,5OIE4Q3GWnyZSYFTbKEKDH,0.572,0.08,1,-19.733,0.0365,0.942,5.31e-05,0.13,0.184,128.433,261206
"Sonata No. 1 in G minor, BWV 1001: I. Adagio",Johann Sebastian Bach,"Bach: Sonatas and Partitas, Vol. 1",1de7hnpXgwiL9mI3a9JoUv,0.494,0.0255,0,-28.981,0.074,0.925,0.662,0.153,0.299,89.421,237840
Requiem,Conspirare,"Requiem - Howells, Whitacre, Pizzetti",67GhBSNMFpFtZ98ei8vIPG,0.138,0.00802,10,-30.038,0.0385,0.994,0.673,0.0956,0.0649,82.404,251613
Requiem: Psalm 23,Conspirare,"Requiem - Howells, Whitacre, Pizzetti",3AvXaEGmfVWK17yBvyCikc,0.218,0.0233,2,-31.423,0.0512,0.987,0.00346,0.0609,0.0394,125.21,163853
Requiem aeternam I,Conspirare,"Requiem - Howells, Whitacre, Pizzetti",4oo6FA9IP77tBtAve4bbu0,0.0754,0.00911,4,-35.228,0.0424,0.994,0.887,0.101,0.0338,79.89,227960
Just Look at Us Now,The Milk Carton Kids,All the Things That I Did and All the Things That I Didn't Do,5iS5yYsVpwf9ise19Ppb2P,0.512,0.247,7,-13.497,0.0322,0.922,0.00132,0.103,0.277,134.057,184493
Requiem: Psalm 121,Conspirare,"Requiem - Howells, Whitacre, Pizzetti",5II2Sla6DNuIWpEnOGgXxw,0.191,0.0383,11,-28.561,0.0463,0.99,0.0367,0.252,0.0909,64.644,160667
Shooting Shadows,The Milk Carton Kids,Monterey,32eBouGuWz6SstlPMB8rII,0.543,0.11,0,-14.899,0.0384,0.884,3.32e-05,0.107,0.33,151.456,220023
As We Ran,The National Parks,As We Ran,5ITmuvjtUUdxVQCCsaKBDx,0.431,0.588,9,-6.855,0.0348,0.0169,0.00689,0.368,0.183,143.975,200322
Requiem aeternam II,Conspirare,"Requiem - Howells, Whitacre, Pizzetti",0OZxIQS66BdjWDu1EF5qXG,0.0777,0.0225,2,-25.84,0.0436,0.993,0.948,0.0881,0.0335,80.515,241440
Freedom,The Milk Carton Kids,Monterey,3e196h4a2Effrjti497WNS,0.507,0.0998,8,-17.94,0.0362,0.944,0.00133,0.115,0.232,80.128,253412
Poison Tree,The Milk Carton Kids,Monterey,3dYEb5cwcst4UmyhxBlTvQ,0.595,0.153,11,-13.147,0.0346,0.869,0.000127,0.111,0.19,108.141,226488
Requiem: I heard a Voice from Heaven,Conspirare,"Requiem - Howells, Whitacre, Pizzetti",1wiiK03bSyRjmkyMA4neuc,0.204,0.0494,2,-29.21,0.0415,0.991,0.187,0.0936,0.0345,84.157,241187
The Road Home,Conspirare,"Requiem - Howells, Whitacre, Pizzetti",3vA1AS2PWl4RePRCiR36lb,0.167,0.0539,5,-28.217,0.0445,0.993,0.032,0.116,0.047,98.872,236907
The City Of Our Lady,The Milk Carton Kids,Monterey,6DTVb1ZjPPBlI9TgY2e9FF,0.632,0.446,11,-11.453,0.0327,0.825,0.00217,0.212,0.634,119.934,131821
High Hopes,The Milk Carton Kids,Monterey,6BPSYXmzEkhgvuD8C08NLv,0.482,0.304,1,-12.807,0.0339,0.763,7.45e-05,0.157,0.384,119.139,155245
Three Songs of Faith: i thank you God for this most amazing day,Conspirare,"Requiem - Howells, Whitacre, Pizzetti",76t15UAnEbjiFUBbkJHu4H,0.179,0.0721,0,-26.008,0.0456,0.993,0.649,0.0982,0.0353,129.869,420147
Permanent,Kenneth Pattengale & Joey Ryan,Retrospect,7BgiepZSWIMyv40QKffMec,0.6,0.399,10,-9.239,0.0537,0.805,0.000798,0.153,0.417,113.293,309267
I Am All That I Need / Arroyo Seco / Thumbprint Scar,Fleet Foxes,Crack-Up,0AU66TowF4rbAJ1c6GRq61,0.362,0.548,5,-8.342,0.0407,0.305,0.243,0.683,0.147,151.635,384747
"Something, Somewhere, Sometime",Ben Sollee,Dear Companion,3RYu8IyLsSoXOPv37Qs4Di,0.561,0.442,0,-10.355,0.0398,0.381,0.0,0.0636,0.421,139.202,154587
"Three Songs of Faith: hope, faith, life, love",Conspirare,"Requiem - Howells, Whitacre, Pizzetti",0b0tNJYQ84d2Rplc4f7U6V,0.067,0.0521,10,-23.278,0.0483,0.993,0.888,0.072,0.0293,66.712,246040
My Silver Lining,First Aid Kit,Stay Gold,5BkNCuxzzid0gz9sx3NNbX,0.477,0.725,2,-4.671,0.0337,0.026,0.000133,0.214,0.427,101.854,215493
Deadly Bells,The Milk Carton Kids,Monterey,5NAyLTDHuE2x158QAf9X5s,0.564,0.14,6,-13.416,0.0394,0.833,2.16e-06,0.123,0.267,106.728,134892
See You Around,I'm With Her,See You Around,12CyFLr9VQA25a5PvKp3bX,0.494,0.0657,10,-16.782,0.0372,0.948,8.36e-06,0.168,0.181,119.345,228627
Gossamer Thin,Conor Oberst,Ruminations,2KAiDNISSBb5CKzR6er7JZ,0.375,0.365,11,-8.297,0.0335,0.908,0.00444,0.134,0.342,87.754,215133
Helsinki,The National Parks,Young,139OFhHYDAvIGbl1pxZEm3,0.381,0.311,4,-11.856,0.0293,0.568,0.000213,0.0863,0.0525,106.031,237213
"Sing, Sparrow, Sing",The Milk Carton Kids,Monterey,4TYtkJ2ESB01ltAB2nQUcA,0.515,0.0486,9,-22.59,0.0828,0.922,1.07e-06,0.242,0.109,100.448,106815
Lean in Toward the Light,Carrie Newcomer,The Beautiful Not Yet,7qZ8VyJFu7rLj53jBDiuDO,0.566,0.622,0,-9.156,0.0295,0.368,4.11e-05,0.109,0.555,144.389,233221
We remember them,Conspirare,"Requiem - Howells, Whitacre, Pizzetti",7hVV4nmfUlVBriHgbYoKN5,0.15,0.0146,0,-30.945,0.0455,0.991,0.0561,0.0764,0.0327,137.391,277187
Michigan,The Milk Carton Kids,Prologue,0WkJWnMCumm1fnFscdY7Rw,0.554,0.235,10,-14.609,0.0342,0.89,0.00328,0.114,0.232,121.836,330772
Messa di Requiem: Dies Irae,Conspirare,"Requiem - Howells, Whitacre, Pizzetti",2kQfS2mMyDvRdOe6a9DFBs,0.105,0.0293,2,-26.478,0.0436,0.993,0.46,0.0992,0.0395,86.714,680013
Messa di Requiem: Libera Me,Conspirare,"Requiem - Howells, Whitacre, Pizzetti",14qhkKiqdbB1N8Hl6FvISg,0.173,0.029,9,-27.626,0.0476,0.992,0.623,0.113,0.0356,68.824,337293
Beautiful - Live,Mosaic MSC,MSC (Live in LA),7xnvZnExsWm6Lg08GNiXzw,0.474,0.909,9,-4.51,0.047,0.0121,0.0,0.911,0.423,87.983,324989
Messa di Requiem: Requiem,Conspirare,"Requiem - Howells, Whitacre, Pizzetti",0UBUqDw285jP7P3F8zkCs7,0.079,0.0211,2,-29.797,0.049,0.993,0.844,0.0805,0.0348,80.865,396853
God be in my Head,"Choir of Jesus College, Cambridge",The Evening Hour: British Choral Music from the 16th and 20th Centuries,7teGnf25zJ5xXB6XkaMvQu,0.138,0.109,2,-23.621,0.0396,0.991,0.0456,0.139,0.0562,144.483,89853
Barbary Coast (Later),Conor Oberst,Ruminations,6bgjcVqaUmnalHy0C8txLv,0.563,0.34,2,-8.084,0.0377,0.589,0.0,0.103,0.185,80.544,252373
"The Cloud Of Unknowing, Part I ""Songs Of Night"": The Cloud Of Unknowing, Part I ""Songs Of Night"": I. Unknowing",Robert Kyr,Robert Kyr: The Cloud of Unknowing - Songs of the Soul,0D3QyiIbRkb6NGwUBkLHFx,0.206,0.0624,0,-29.125,0.0428,0.902,0.883,0.13,0.0835,107.024,147080
"The Cloud Of Unknowing, Part II ""Songs Of Dawn"": The Cloud Of Unknowing, Part II ""Songs Of Dawn"": I. Waiting",Robert Kyr,Robert Kyr: The Cloud of Unknowing - Songs of the Soul,22gJhBCs4FnFW8pgdVIVHV,0.311,0.117,2,-21.352,0.0611,0.963,0.000266,0.126,0.179,82.617,88707
"The Cloud Of Unknowing, Part I ""Songs Of Night"": The Cloud Of Unknowing, Part I ""Songs Of Night"": III. Forgetting",Robert Kyr,Robert Kyr: The Cloud of Unknowing - Songs of the Soul,5YzBdq32wofvDU2mch47A8,0.195,0.129,2,-24.619,0.0428,0.985,0.369,0.0992,0.0399,134.959,156440
"The Cloud Of Unknowing, Part I ""Songs Of Night"": The Cloud Of Unknowing, Part I ""Songs Of Night"": IV. Longing",Robert Kyr,Robert Kyr: The Cloud of Unknowing - Songs of the Soul,5ovIANqCRtXo6uOnXIqiQs,0.071,0.0422,2,-27.389,0.0471,0.986,0.881,0.159,0.0315,77.562,445453
Broken Headlights,Kenneth Pattengale & Joey Ryan,Retrospect,0Rt3jOTiniBTLQNiTJOw0w,0.466,0.489,10,-11.515,0.118,0.602,0.000846,0.714,0.361,85.661,200027
Messa di Requiem: Sanctus,Conspirare,"Requiem - Howells, Whitacre, Pizzetti",3gsc6KZzWLLikHIbif7KM0,0.205,0.0728,10,-22.03,0.0384,0.994,0.637,0.0478,0.0327,87.731,213400
Saints Bound for Heaven,Mormon Tabernacle Choir,"Come, Thou Fount of Every Blessing: American Folk Hymns & Spirituals",15dhYo7OIVq4c1AYx9QxA2,0.327,0.332,7,-12.592,0.0319,0.977,0.383,0.0774,0.335,112.345,173867
"The Cloud Of Unknowing, Part II ""Songs Of Dawn"": The Cloud Of Unknowing, Part II ""Songs Of Dawn"": II. Thinking",Robert Kyr,Robert Kyr: The Cloud of Unknowing - Songs of the Soul,32SK5YOWPFaPa8b07wCXTJ,0.149,0.154,9,-22.057,0.0446,0.987,0.826,0.0927,0.0821,73.414,112227
The Brain Dance,Animals As Leaders,The Madness Of Many,7cO6rxZSi7Ura92FtspKaf,0.356,0.811,8,-8.069,0.0447,0.0355,0.811,0.116,0.334,102.898,420747
Potion,Chon,Newborn Sun,19jDsknaPAFuPRvLJgv6cm,0.539,0.376,4,-6.746,0.0319,0.487,0.221,0.127,0.843,131.902,37973
All New Materials,Periphery,Periphery,0GgpeWK1RpMCq4I2T8CvCn,0.404,0.979,2,-4.259,0.36,0.000236,0.000765,0.636,0.0377,150.024,320570
Cognitive Contortions,Animals As Leaders,The Madness Of Many,4tQN38OOwoBU4yROKfZF59,0.273,0.895,7,-6.286,0.0882,7.96e-05,0.831,0.108,0.226,187.954,269213
Private Visions of the World,Animals As Leaders,The Madness Of Many,472vi5RE3rBOQlB3TVAn4O,0.366,0.846,1,-6.982,0.0507,0.000193,0.844,0.159,0.668,113.915,296667
Knot,Chon,Grow,2ItLeTLY0fxuE270UcKRrB,0.182,0.927,1,-6.708,0.05,0.000181,0.825,0.126,0.345,180.082,182672
Puddle,Chon,Newborn Sun,50GWQ6IwHfU6obzfQrBOzy,0.384,0.814,8,-6.815,0.0979,0.000126,0.827,0.301,0.599,90.008,219585
Sleepy Tea,Chon,Homey,7AFfA04SMcIUslPS9LPBJ9,0.311,0.833,2,-7.969,0.104,0.00995,0.833,0.0794,0.333,174.917,185342
Inner Assassins,Animals As Leaders,The Madness Of Many,3kt0MiWmUr55mNpOyizm83,0.287,0.841,11,-7.595,0.176,0.00164,0.762,0.0755,0.321,58.217,329560
Perfect Pillow,Chon,Grow,2FYNX8DuCpb6xNL4B0vtve,0.426,0.917,7,-4.674,0.0826,0.00816,0.658,0.114,0.556,116.051,215620
Wave Bounce,Chon,Homey,2MPwuAYCGBaB2R4t2NxJR7,0.634,0.851,8,-7.48,0.0344,0.0137,0.73,0.668,0.32,92.531,181902
Dew,Chon,Newborn Sun,29BPRc3Rr246h9VMUcaA0e,0.282,0.897,11,-6.57,0.0504,1.18e-05,0.813,0.202,0.449,100.089,195243
Fluffy,Chon,Newborn Sun,750nBPNtlbR3MZshZGbhyL,0.414,0.627,3,-7.394,0.0381,0.00164,0.827,0.13,0.481,137.99,178398
Bubble Dream,Chon,Newborn Sun,0mnyjCNu9XUi5dv0JD3UqM,0.432,0.664,9,-7.281,0.0363,0.00296,0.758,0.117,0.277,196.083,172437
Newborn Sun,Chon,Newborn Sun,1ibIGHG7fOk6wavaOZ70Ft,0.583,0.638,11,-7.319,0.0346,0.00834,0.88,0.367,0.158,91.255,216587
Jetpacks Was Yes,Periphery,Periphery,2UXwiEE32tgUlXMofFUv7z,0.312,0.982,0,-5.461,0.113,0.000496,1.37e-05,0.25,0.101,165.021,236940
Backpfeifengesicht,Animals As Leaders,The Madness Of Many,2S9HEGqaXcLVrudgt3SesA,0.484,0.917,2,-6.953,0.0536,3.12e-05,0.779,0.324,0.415,124.855,266587
Apeirophobia,Animals As Leaders,The Madness Of Many,33Y6akOm1Sk2g6nXxNVh9x,0.349,0.436,0,-13.281,0.0357,0.917,0.901,0.115,0.173,119.972,298760
Feels Like Summer,Childish Gambino,Summer Pack,7p4vHnYXkxlzvfePJVpcTr,0.554,0.596,7,-8.214,0.13,0.162,0.00482,0.0805,0.255,165.728,297404
Waterslide,Chon,Homey,2D9MxsIudcEZWTCgJyLcnc,0.54,0.86,9,-6.986,0.0643,0.00453,0.826,0.329,0.57,173.849,206253
Story,Chon,Grow,3jObpACelihU51vk17xdTm,0.51,0.787,6,-6.126,0.0312,0.00188,0.676,0.359,0.211,159.858,230406
Drift,Chon,Grow,7tLOWKtpmOizfNb1dRjvDC,0.348,0.0762,1,-21.797,0.0473,0.983,0.000135,0.134,0.203,128.339,36267
Checkpoint,Chon,Homey,6BLiVx0sfSM7VTlBlloPfn,0.638,0.858,7,-6.244,0.0348,0.00063,0.849,0.0348,0.732,140.009,185534
Ectogenesis,Animals As Leaders,The Madness Of Many,2iG3f8JUFgLIVddPlP1zap,0.626,0.87,1,-7.4,0.044,5.25e-05,0.864,0.0933,0.594,118.007,295693
Arithmophobia,Animals As Leaders,The Madness Of Many,3JHeDGTzb8RndNpq2MGclj,0.308,0.962,11,-5.923,0.0732,5.88e-05,0.843,0.141,0.38,112.681,361013
Splash,Chon,Grow,5AlNE5eZcDHvKbZATVjzsz,0.485,0.963,6,-5.91,0.045,0.000103,0.826,0.287,0.425,143.987,147912
Blue Dream,Dance Gavin Dance,Downtown Battle Mountain II,1hImJ5o3WFH6Nb73oQ8bfY,0.286,0.923,11,-3.611,0.127,0.0242,0.0,0.136,0.471,100.79,280680
Cafo,Animals As Leaders,Animals as Leaders,1ZfnGTUnha3QHj3KFmub0W,0.399,0.94,4,-6.686,0.0915,1.7e-05,0.815,0.348,0.132,154.999,401120
Mauerbauertraurigkeit,Closure in Moscow,Pink Lemonade,65dHpF6tW9Y6S9nihwnTRI,0.4,0.639,7,-6.573,0.0495,0.28,0.000712,0.115,0.269,115.314,445672
Transcentience,Animals As Leaders,The Madness Of Many,7hNVPBvZ0VjbLnQ407O9tS,0.34,0.868,1,-6.548,0.06,0.000217,0.861,0.161,0.328,103.983,331680
The Glass Bridge,Animals As Leaders,The Madness Of Many,07wg107EmLjYJxvKUPSSpV,0.256,0.914,4,-6.396,0.0602,0.000342,0.822,0.124,0.289,89.616,303533
But,Chon,Grow,4GLYLRSENbdAv3k7VXtpap,0.523,0.823,0,-7.259,0.0488,8.02e-05,0.752,0.327,0.038,87.479,232984
The Walk,Periphery,Periphery,4PGsP40iBe40iISnbny8PM,0.402,0.971,1,-4.28,0.157,6.88e-05,0.0134,0.358,0.167,160.027,305950
All New Materials - Instrumental,Periphery,Periphery [Instrumental],7Ae8Pr3h5IXLoXQyIaU57M,0.444,0.974,2,-4.468,0.166,0.000111,0.856,0.644,0.0657,149.924,320533
Physical Education,Animals As Leaders,The Joy of Motion,0JGuSgtmWyfuxLGBs2wX0C,0.57,0.945,1,-5.665,0.0567,0.00017,0.827,0.0543,0.53,114.987,280956
New Eden,Animals As Leaders,Weightless,3pqgn0ZL25lhuOfZcxWMB2,0.276,0.435,1,-8.121,0.0325,0.00179,0.84,0.0899,0.109,170.242,160640
No Signal,Chon,Homey,2ZtixXKNeEMfQqT4iYGqjp,0.411,0.629,6,-8.126,0.0478,0.0191,0.777,0.384,0.406,110.047,228016
Moon,Chon,Grow,1Rv5gMkZkHNztW5tT1naxx,0.706,0.178,8,-12.888,0.0431,0.993,0.905,0.207,0.539,109.939,80878
Para Mexer,Animals As Leaders,The Joy of Motion,69fpb1fAdyuO6DHx6daRRE,0.358,0.896,3,-8.072,0.0472,0.0302,0.916,0.15,0.301,114.941,269560
Tooth and Claw,Animals As Leaders,The Joy of Motion,43kvE0evfgiatOSth0XyFa,0.277,0.967,7,-4.796,0.202,0.000546,0.834,0.354,0.253,150.037,263207
Fall,Chon,Grow,575DUgIvWa7EAQuszH2dpb,0.312,0.817,11,-6.702,0.0454,0.000781,0.845,0.181,0.371,90.795,219184
The Woven Web,Animals As Leaders,The Joy of Motion,4j6ascTxs21rACPdPpqFQN,0.549,0.935,6,-5.692,0.0518,0.00656,0.775,0.0641,0.341,118.016,247780
Jetpacks Was Yes - Instrumental,Periphery,Periphery [Instrumental],6hKghbcGZr53XKOrX4HxhV,0.42,0.984,0,-4.558,0.0874,0.000106,0.947,0.214,0.199,164.987,236907
Can't Wait,Chon,Grow,1uMrc6mtKxqd5wLVzasmYA,0.592,0.696,7,-6.617,0.0264,0.00567,0.00332,0.0825,0.263,132.002,188612
Atlas Novus,Scale The Summit,The Migration,02v81HQA1yS0DSZ4dw3YzF,0.488,0.84,7,-5.24,0.0301,0.0131,0.824,0.0873,0.489,160.037,307107
Isolated Incidents,Animals As Leaders,Weightless,60CmclXg3KdoiZ7TvUY2zD,0.509,0.857,6,-6.622,0.052,0.00293,0.906,0.105,0.308,179.956,227867
Berry Streets,Chon,Homey,6aFkUMbRNLFPnaU6hAtOcS,0.673,0.849,6,-7.661,0.137,0.319,0.186,0.126,0.464,139.927,208777
Kascade,Animals As Leaders,The Joy of Motion,7hY2Kc7Hvu0BudOoQwu8Ez,0.472,0.979,6,-4.386,0.181,0.00577,0.814,0.286,0.25,159.969,323728
Intro,Logic,Under Pressure (Deluxe),4nkRk3BRQaW941xxtZVBew,0.511,0.413,2,-10.839,0.0725,0.603,0.0,0.219,0.736,80.595,182800
Ow My Feelings,Periphery,Periphery,315EtZZRFgDuznpmL066zk,0.305,0.993,1,-4.732,0.199,7.32e-05,2.46e-05,0.159,0.066,192.062,366580
Honest,San Holo,Honest,1k3J7o5b0tDUzbllLycVUJ,0.45,0.771,11,-4.588,0.106,0.433,0.0,0.204,0.41,150.024,228000
Moon Rider (feat. Wrabel),Jai Wolf,Moon Rider (feat. Wrabel),3PP9CXeE0PYaM5GIGQqBIV,0.572,0.57,4,-6.99,0.0251,0.0436,0.0585,0.122,0.279,104.982,218000
Found You,Silicone Boone,The Reaches,02PUAj374u2TuP8KdQ0jB8,0.375,0.709,8,-5.697,0.0337,0.00464,0.00998,0.0788,0.205,155.941,243232
Passenger Seat,Charli Adams,Good At Being Young EP,7bUybj7a6Ua84s26jVK7E7,0.424,0.483,1,-10.02,0.0296,0.574,0.000207,0.148,0.225,139.78,245751
Bad Caffeine,Charli Adams,Bad Caffeine,4wr8oaLpjzdXamuobDBUCH,0.462,0.893,1,-5.041,0.0585,0.00492,2.98e-06,0.157,0.353,139.988,253018
Time Is Dancing - Live,Ben Howard,Spotify Sessions (Live),356JjgBYKPIaESCJFOuuRa,0.567,0.509,10,-7.434,0.0303,0.935,0.786,0.709,0.384,76.798,258773
Graceland Too,Phoebe Bridgers,Punisher,44spdItKKM7rOtKswbBG0U,0.44,0.34,10,-10.37,0.0293,0.872,0.0,0.116,0.361,150.128,236350
Jacob from the Bible,Jake Wesley Rogers,Jacob from the Bible,0WZTXR2bqWdnTAAG23Kcol,0.324,0.342,0,-10.534,0.0312,0.0648,0.0,0.0847,0.0792,133.935,223613
Love You For A Long Time,Maggie Rogers,Love You For A Long Time,6QTPacyXkZWG9FMwq6L1hJ,0.707,0.67,9,-6.137,0.0323,0.164,0.00283,0.109,0.822,112.993,223120
WILDFIRE,Jim Yosef,WILDFIRE,5HnioK8yPcyuKtV55O6QTW,0.253,0.787,8,-6.071,0.124,0.021,0.0,0.138,0.252,160.961,183758
Stars,Diamond Eyes,Stars,6ycR39gJUREuGH48AOZH6l,0.292,0.813,7,-4.072,0.0377,0.00417,0.000436,0.0933,0.343,144.85,228414
Strength and Beauty,Citizens,Strength and Beauty,6rWA2cE5TF6m1srLguuOaI,0.339,0.317,5,-10.718,0.0347,0.169,0.0108,0.246,0.0815,111.929,359409
Bad Caffeine,Charli Adams,Good At Being Young EP,1kCKvwj8xqjXUNyFW0kRal,0.462,0.893,1,-5.041,0.0585,0.00492,2.98e-06,0.157,0.353,139.988,253018
TESSELLATE,BAYNK,TESSELLATE,7cD5QLy657vZnf4fAtK622,0.79,0.305,9,-11.344,0.069,0.529,0.0167,0.54,0.0755,115.982,254715
End Of The Affair,Ben Howard,I Forget Where We Were,0vqXG66zkKynUS0aJs9FyR,0.369,0.367,2,-10.665,0.0369,0.512,0.203,0.11,0.0496,136.095,466040
Heave Ho,Ben Howard,Heave Ho,2IVwFnibBmmS52hYrlzyE1,0.54,0.478,0,-9.676,0.0288,0.00606,0.837,0.344,0.0481,139.994,378739
Opaline,Novo Amor,Opaline,7qPGnjxHQNIv4zlnk6LxZW,0.367,0.337,1,-9.857,0.0326,0.955,0.117,0.0869,0.283,181.868,192040
Sway - Chainsmokers Remix,Anna of the North,Sway (Chainsmokers Remix),08qjPXZBdEyif5PxU2AY9S,0.673,0.795,2,-6.21,0.0309,0.0555,0.0111,0.117,0.437,105.025,180571
In Flames,Dabin,Pyres,5W8DSMQe7cbTtKTHY0yEnP,0.481,0.729,5,-4.351,0.0365,0.00833,0.0,0.103,0.297,91.985,204783
Ain't Nobody Perfect,Aeden,Ain't Nobody Perfect,2d6cSVCp148qYYYhGtdzfV,0.586,0.716,11,-6.782,0.0454,0.0343,2.11e-06,0.123,0.49,75.008,148300
Kaleidoscope,Kasbo,Kaleidoscope,771VM7M4WVeQrduklmMdYG,0.544,0.442,4,-6.686,0.0356,0.0753,0.0276,0.107,0.0771,160.062,302208
Coma / Smoke,Hailaker,Hailaker,1oM6lNCuv3ymSZ9VwcqmyW,0.38,0.355,3,-11.884,0.0322,0.942,0.00624,0.105,0.191,87.932,267493
Crawl Outta Love,ILLENIUM,Awake,0q7oMII7kWTj1ZSX6GT6LU,0.376,0.723,7,-2.951,0.046,0.178,0.0,0.0815,0.167,84.146,242012
Oceans,RY X,Oceans,2eVofaQRJvddSUBfcub7Gz,0.659,0.387,6,-13.172,0.0335,0.467,0.692,0.0839,0.0779,114.989,279573
Line Of Sight (feat. WYNNE & Mansionair),ODESZA,A Moment Apart,2WWfjbHALIb3e7FMcj9mr4,0.558,0.733,8,-6.65,0.0693,0.0334,0.00193,0.193,0.173,89.992,237140
The Last Ones Standing,Tep No,The Last Ones Standing,4X6wMQec2NHdBhEGUwqUFV,0.755,0.724,3,-5.97,0.0458,0.356,0.00324,0.0742,0.505,110.946,208386
Anywhere,Attom,Anywhere,6J9QlwHDCFkUrMGzxSQV2A,0.561,0.833,9,-5.933,0.0596,0.042,0.000318,0.103,0.149,111.992,189643
So Hot You're Hurting My Feelings,Caroline Polachek,Pang,5B6Kjha6RRIMWGN7zGsAaT,0.795,0.576,6,-4.971,0.0289,0.0787,1.01e-05,0.121,0.847,111.975,183861
Yellow,Emmit Fenn,Yellow,0zDDc616MQciHCOLiPDacv,0.592,0.348,8,-13.982,0.0282,0.528,0.383,0.098,0.161,110.009,272727
Fading,Vallis Alps,Fading,2fKEunM0KZVpVLwlvmVlDZ,0.662,0.482,9,-9.786,0.0464,0.515,0.00553,0.119,0.294,98.05,280055
Inside Out (feat. Charlee),The Chainsmokers,Inside Out (feat. Charlee),7sG2bWi2eDtvX9vX8yC1Gn,0.545,0.65,7,-5.853,0.0315,0.00308,7.98e-06,0.122,0.121,143.937,233773
The Hype,Twenty One Pilots,The Hype (Berlin),32OPMmonmxk7lLIvuKXZAz,0.529,0.808,9,-6.14,0.047,0.0114,0.000304,0.37,0.394,87.042,265375
Sexual,NEIKED,Sexual,5fKBwqSTuCbnJlCOpeRa3o,0.797,0.567,2,-7.503,0.0651,0.0692,0.0,0.0705,0.843,108.024,188889
Falls (feat. Sasha Sloan),ODESZA,A Moment Apart,6oNZ0WxqptE7V0qpjtyJ4a,0.294,0.697,6,-6.029,0.128,0.0398,0.00011,0.136,0.183,160.566,232937
Love$ick (feat. A$AP Rocky),Mura Masa,Mura Masa,3sTN90bIP2cJ1783ctHykO,0.625,0.763,8,-4.997,0.129,0.147,0.0106,0.214,0.721,88.753,192160
La Lune (feat. Dan Smith),Madeon,Adventure (Deluxe),1UCDE2UIE5cC6B1o0nsrSv,0.46,0.736,9,-3.039,0.0303,0.0558,6.68e-06,0.216,0.253,139.905,219840
Make You Feel - Kerala Remix,Alina Baraz,Urban Flora (Remixes),0Qx8jvheNuGmtdozRDrsNQ,0.645,0.885,8,-5.351,0.0289,0.0559,0.0309,0.0741,0.354,109.968,186545
Blind Leading The Blind,Mumford & Sons,Blind Leading The Blind,2WbrVeftLDcSAfQBHxA9P4,0.554,0.81,6,-5.791,0.0672,0.124,0.0509,0.233,0.23,104.181,224703
This Too Shall Last,Anderson East,Encore,0CuXzMEgFzuQhLEYQHYas4,0.503,0.49,4,-8.553,0.0279,0.323,0.799,0.0873,0.68,148.884,222400
Dreams pt. II,Lost Sky,Dreams pt. II,6hwF25W29VOWw1nZ76EAXY,0.52,0.882,8,-4.813,0.0363,0.0257,0.000128,0.112,0.511,144.937,215197
Call Me Back,Young the Giant,Mirror Master,14KP6cmTImZmrcAC5m0Azd,0.75,0.365,7,-6.741,0.0372,0.202,0.0082,0.122,0.101,89.981,237747
Sunset Lover,Petit Biscuit,Sunset Lover,0hNduWmlWmEmuwEFcYvRu1,0.783,0.467,6,-9.474,0.0503,0.729,0.809,0.109,0.236,90.838,237793
Us,Anna of the North,Us,6lQeSVbeV8ySJrn1wXzdIi,0.597,0.659,9,-7.885,0.0359,0.0209,7.07e-05,0.285,0.379,105.054,210713
Thru,Vallis Alps,Vallis Alps,2k80B1DEqJFUG4L5LUa6Mv,0.506,0.381,8,-10.538,0.0645,0.716,0.00914,0.0911,0.235,140.072,253568
When Am I Gonna Lose You,Local Natives,Violet Street,5wCVLW9qMtIY9IkBeyYnh6,0.452,0.834,11,-4.657,0.0967,0.0417,0.00036,0.119,0.514,142.088,264213
Sad Machine,Porter Robinson,Worlds,1JY6B9ILvmRla2IKKRZvnH,0.47,0.706,0,-4.902,0.0322,0.034,1.31e-06,0.0726,0.327,88.519,350690
Found You,Kasbo,Found You,05IyD7K9Q4lgu8W4Xfi9Lx,0.478,0.634,0,-6.092,0.0728,0.395,0.00889,0.599,0.121,180.185,196010
Free Fall,ILLENIUM,Awake,4ZAerT2NicBmzZ4VkpmWEn,0.429,0.524,2,-4.399,0.0383,0.458,6.17e-05,0.124,0.227,133.97,205970
11 Hours - Branchez Remix,Wet,11 Hours (Branchez Remix),1BzdE75pSHlsqF2roxxEWk,0.687,0.352,8,-8.229,0.0759,0.626,0.000151,0.133,0.155,122.955,156213
Dive Deep (Hushed),Andrew Belle,Dive Deep (Hushed),4VbDTk82rqWqVgoQC93CkC,0.507,0.378,9,-9.019,0.0332,0.852,0.000212,0.0937,0.085,135.86,218532
Black Panther,Kendrick Lamar,Black Panther The Album Music From And Inspired By,5qN4HFkapdAOV94XPryVof,0.618,0.582,1,-9.454,0.297,0.625,3.84e-06,0.265,0.48,90.035,130613
Fallen From The Sky,Glen Hansard,Music From The Motion Picture Once,443mys5890w6L7hGLgmL2w,0.728,0.54,4,-9.403,0.0295,0.519,2.75e-05,0.0718,0.966,113.04,205040
Whole Life Story,Passion Pit,Kindred,3ZdtwUI2bPlq409wroQRmK,0.643,0.844,9,-3.687,0.0337,0.261,0.0,0.0925,0.793,104.993,198027
Paramedic!,Kendrick Lamar,Black Panther The Album Music From And Inspired By,2tPcTFiQF9MbVUyjZ3zDhA,0.856,0.652,1,-5.324,0.143,0.177,0.0,0.193,0.471,97.017,219307
The Journey,Tom Misch,Beat Tape 2,1R2CpJXwERlLURyKaE1nWr,0.625,0.398,9,-10.218,0.0338,0.279,0.747,0.0893,0.265,86.992,266820
Same Drugs,Chance the Rapper,Coloring Book,6m9qPYXmhge2QhBLfFKnVF,0.461,0.293,6,-9.52,0.0555,0.947,9.95e-06,0.0936,0.531,180.297,257775
To Kingdom Come,Passion Pit,Manners,048AQ5XBnvStuTn7X2pGSY,0.538,0.804,11,-4.602,0.0291,0.00805,8.09e-06,0.148,0.718,91.99,247533
Baby Don't Leave Me Alone With My Thoughts,Lake Street Dive,Free Yourself Up,6pro0cjgB0tU0V1tifYA2i,0.673,0.737,11,-4.201,0.0507,0.396,1.19e-05,0.0947,0.586,99.725,213933
Blessings (feat. Jamila Woods),Chance the Rapper,Coloring Book,2VQc9orzwE6a5qFfy54P6e,0.714,0.343,10,-7.641,0.38,0.723,5.48e-06,0.102,0.372,72.348,221940
Looks Like Rain,Passion Pit,Kindred,0zOn9umVAP1HwtWAbApuFB,0.385,0.711,0,-5.736,0.0588,0.0167,0.0,0.11,0.331,187.717,235293
dlwlrma,IU,Palette,4NPARrLIbtMl29ZJv8ESr2,0.738,0.641,4,-3.44,0.0475,0.315,0.0,0.114,0.631,119.867,176099
Swimming In The Flood,Passion Pit,Manners,4jmADw2rRriDjzSruTySZ7,0.553,0.763,0,-5.026,0.0299,0.00375,0.000939,0.676,0.457,98.022,297613
Bloody Waters (with Anderson .Paak & James Blake),Kendrick Lamar,Black Panther The Album Music From And Inspired By,4KXwFI9pgJLpUIAc9oSL8j,0.507,0.606,8,-8.758,0.452,0.185,0.0,0.174,0.202,180.607,272307
Lifted Up (1985),Passion Pit,Kindred,0WjvB0SzNvgmuM46UjcMr8,0.568,0.816,0,-3.928,0.0281,0.014,0.000231,0.155,0.31,125.033,263293
Penthouse Cloud,The Internet,Ego Death,1x0OUPKa4Rcj1jCoLI66bZ,0.503,0.416,8,-11.5,0.0721,0.426,0.0166,0.164,0.266,88.9,284187
X (with 2 Chainz & Saudi),Kendrick Lamar,Black Panther The Album Music From And Inspired By,4LmAnpjlhWTahvRkYR8xJa,0.768,0.471,2,-8.406,0.259,0.0201,0.0,0.268,0.405,131.023,267427
Juke Jam (feat. Justin Bieber & Towkio),Chance the Rapper,Coloring Book,3eze1OsZ1rqeXkKStNfTmi,0.505,0.397,5,-9.349,0.324,0.716,0.0,0.0853,0.558,95.063,219683
The Reeling - Calvin Harris Remix,Passion Pit,The Reeling - Remixes,0T3YWYoeMFArEn67Aj1KnO,0.721,0.872,8,-7.19,0.051,0.00219,0.0478,0.246,0.447,124.959,382453
How Great (feat. Jay Electronica & My cousin Nicole),Chance the Rapper,Coloring Book,0OT0cCKbSmSMRvyWeqEFBq,0.439,0.483,2,-9.449,0.315,0.477,0.0,0.553,0.292,78.442,337423
Fading,Toro y Moi,Outer Peace,4RKXPNzSNfrlgcCrksmauL,0.739,0.666,1,-8.169,0.21,0.0617,0.164,0.0934,0.666,122.144,197147
Young Dumb & Broke,Khalid,American Teen,5Z3GHaZ6ec9bsiI5BenrbY,0.798,0.539,1,-6.351,0.0421,0.199,1.66e-05,0.165,0.394,136.949,202547
All We Got (feat. Kanye West & Chicago Children's Choir),Chance the Rapper,Coloring Book,3ZLyt2ndLFBh148XRYjYYZ,0.531,0.544,0,-8.615,0.462,0.308,1.89e-06,0.0835,0.398,131.921,203794
Where Do You Start,Brad Mehldau Trio,Where Do You Start,0gPxAMKPYhnFSAKkBcy3UN,0.411,0.0416,1,-23.23,0.0414,0.96,0.925,0.064,0.0782,97.96,246067
Mistakes,Lake Street Dive,Mistakes,1XD9cAqq0A3eodkWvJ6oFR,0.753,0.39,6,-7.294,0.0403,0.371,0.000815,0.125,0.374,136.747,248387
"Finish Line / Drown (feat. T-Pain, Kirk Franklin, Eryn Allen Kane & Noname)",Chance the Rapper,Coloring Book,2AgnbuzvnfPvq1sAYNB4pj,0.456,0.609,7,-6.439,0.377,0.617,0.0,0.0724,0.41,86.368,406983
Another Sad Love Song,Khalid,American Teen,52Qu0no0NBho3zyRmjlsHn,0.834,0.472,5,-7.777,0.0873,0.412,6.76e-05,0.0836,0.517,107.014,244747
Sleepyhead,Passion Pit,Manners,4prEPl61C8qZpeo3IkYSMl,0.568,0.719,8,-5.406,0.0354,0.0892,1.84e-06,0.233,0.539,106.036,174760
"Blessings (feat. Ty Dolla $ign, Anderson .Paak, BJ The Chicago Kid, Raury & Jamila Woods)",Chance the Rapper,Coloring Book,5IdQEHgtmj9th3OkfQKhf8,0.381,0.462,8,-8.014,0.124,0.891,0.0,0.199,0.542,80.08,230017
All The Stars (with SZA),Kendrick Lamar,Black Panther The Album Music From And Inspired By,3GCdLUSnKSMJhs4Tj6CV3s,0.698,0.633,8,-4.946,0.0597,0.0605,0.000194,0.0926,0.552,96.924,232187
Half The World Away,AURORA,Half The World Away,3m3Ic148ONaCBx8tGmtkHH,0.591,0.11,8,-13.561,0.0398,0.955,4.88e-06,0.173,0.164,111.72,198947
Don't Lay Your Head,Us The Duo,No Matter Where You Are,5eT0hMWKFU9CYFv73f96in,0.601,0.763,9,-5.854,0.0531,0.299,0.0,0.375,0.36,138.073,203573
Good Kisser,Lake Street Dive,Free Yourself Up,7BDbyDs5FUmnh955RABFd7,0.485,0.591,10,-3.888,0.0453,0.119,0.00278,0.0787,0.636,160.336,218493
Bullet Girl,John Butler Trio,Flesh & Blood,5muDDozAKtO2ZQEt6SSzMK,0.71,0.616,2,-8.634,0.0374,0.714,0.341,0.119,0.176,118.1,320027
I Don't Really See You Anymore,Lake Street Dive,Lake Street Dive,5rIBUKIFdETsNqrs8p3jhA,0.638,0.301,0,-11.068,0.0351,0.574,0.036,0.0771,0.616,145.334,161600
Wesley's Theory,Kendrick Lamar,To Pimp A Butterfly,7Ks4VCY1wFebnOdJrM13t6,0.509,0.787,7,-6.754,0.265,0.359,2.76e-05,0.26,0.507,114.449,287360
Wander With Me,Tom Misch,Beat Tape 2,7GLL5dU80NstXjcKlDMJmr,0.8,0.427,6,-7.923,0.0346,0.584,0.0371,0.104,0.218,113.975,287228
No Problem (feat. Lil Wayne & 2 Chainz),Chance the Rapper,Coloring Book,0v9Wz8o0BT8DU38R4ddjeH,0.652,0.795,11,-5.192,0.174,0.156,0.0,0.123,0.788,135.018,304607
The Lay Down (feat. H.E.R. & WATT),Shelley FKA DRAM,The Lay Down (feat. H.E.R. & WATT),4Fv2Yzpm9q7r6DJujUeUiP,0.477,0.688,0,-3.547,0.0349,0.236,0.00868,0.093,0.377,123.922,289041
Smoke Break (feat. Future),Chance the Rapper,Coloring Book,1Uq3IOIy1CUlHUgP6vWpum,0.705,0.453,3,-8.174,0.196,0.257,0.0,0.143,0.283,124.942,226494
Come Back,Tom Misch,Beat Tape 2,6ao3bIloHQxnTWB3H5591W,0.491,0.307,8,-7.99,0.0303,0.527,0.391,0.1,0.165,89.567,257329
Sunday Candy,Donnie Trumpet & The Social Experiment,Surf,6fTdcGsjxlAD9PSkoPaLMX,0.511,0.596,0,-6.56,0.224,0.53,0.0,0.0798,0.554,158.063,226014
Godawful Things,Lake Street Dive,Side Pony,4PPRuAe8lQol1TooDJgxB8,0.454,0.575,0,-6.065,0.0393,0.00352,0.0235,0.101,0.0755,149.188,227160
Wanna Be Cool,Donnie Trumpet & The Social Experiment,Surf,4Zf351SuPuXo8w6IIMsxev,0.663,0.611,0,-8.287,0.301,0.239,0.0,0.181,0.337,116.947,207560
Whatever Happens,Michael Jackson,Invincible,4fK6bgzyKt4EIv3R1wrUtl,0.677,0.741,10,-2.829,0.0743,0.371,2.37e-06,0.103,0.565,97.011,295667
"Shame, Shame, Shame",Lake Street Dive,Free Yourself Up,6vSNvssxO543E3fD9hwzvu,0.737,0.723,8,-5.891,0.05,0.261,9.69e-05,0.085,0.653,115.384,260053
Falafel,Tom Misch,Beat Tape 2,0UIXVa6O95k2lPNwENBWtO,0.833,0.366,2,-8.916,0.0647,0.274,0.885,0.0673,0.141,91.072,222289
"King's Dead (with Kendrick Lamar, Future & James Blake)",Kendrick Lamar,Black Panther The Album Music From And Inspired By,1eLSF6HfrRA0AsNmTkUlKx,0.566,0.724,1,-4.574,0.323,0.00102,0.0,0.158,0.407,81.774,225267
Hark,Tom Misch,Beat Tape 2,0OIkb1unFOOnCcNI8g4JTG,0.746,0.451,9,-9.065,0.146,0.181,0.892,0.0751,0.186,127.958,163630
Hello? Goodbye!,Lake Street Dive,Lake Street Dive,2xgGUdYsBvZvKqbHWs4HyV,0.369,0.882,9,-6.58,0.037,0.144,4.69e-05,0.0519,0.965,168.215,214267
Ten Feet Tall (II),Passion Pit,Kindred,42Q2bLdqv3DAB2gKRMO5Jo,0.174,0.714,4,-2.215,0.0387,0.0543,4.42e-06,0.338,0.43,131.65,144560
